#,Name,Hit Points,Attack,Defense,Sp. Atk,Sp. Def,Speed,Legendary
1,Bulbasaur,45,49,49,65,65,45,0
2,Ivysaur,60,62,63,80,80,60,0
3,Venusaur,80,82,83,100,100,80,0
4,Mega Venusaur,80,100,123,122,120,80,0
5,Charmander,39,52,43,60,50,65,0
6,Charmeleon,58,64,58,80,65,80,0
7,Charizard,78,84,78,109,85,100,0
8,Mega Charizard X,78,130,111,130,85,100,0
9,Mega Charizard Y,78,104,78,159,115,100,0
10,Squirtle,44,48,65,50,64,43,0
11,Wartortle,59,63,80,65,80,58,0
12,Blastoise,79,83,100,85,105,78,0
13,Mega Blastoise,79,103,120,135,115,78,0
14,Caterpie,45,30,35,20,20,45,0
15,Metapod,50,20,55,25,25,30,0
16,Butterfree,60,45,50,90,80,70,0
17,Weedle,40,35,30,20,20,50,0
18,Kakuna,45,25,50,25,25,35,0
19,Beedrill,65,90,40,45,80,75,0
20,Mega Beedrill,65,150,40,15,80,145,0
21,Pidgey,40,45,40,35,35,56,0
22,Pidgeotto,63,60,55,50,50,71,0
23,Pidgeot,83,80,75,70,70,101,0
24,Mega Pidgeot,83,80,80,135,80,121,0
25,Rattata,30,56,35,25,35,72,0
26,Raticate,55,81,60,50,70,97,0
27,Spearow,40,60,30,31,31,70,0
28,Fearow,65,90,65,61,61,100,0
29,Ekans,35,60,44,40,54,55,0
30,Arbok,60,85,69,65,79,80,0
31,Pikachu,35,55,40,50,50,90,0
32,Raichu,60,90,55,90,80,110,0
33,Sandshrew,50,75,85,20,30,40,0
34,Sandslash,75,100,110,45,55,65,0
35,Nidoran♀,55,47,52,40,40,41,0
36,Nidorina,70,62,67,55,55,56,0
37,Nidoqueen,90,92,87,75,85,76,0
38,Nidoran♂,46,57,40,40,40,50,0
39,Nidorino,61,72,57,55,55,65,0
40,Nidoking,81,102,77,85,75,85,0
41,Clefairy,70,45,48,60,65,35,0
42,Clefable,95,70,73,95,90,60,0
43,Vulpix,38,41,40,50,65,65,0
44,Ninetales,73,76,75,81,100,100,0
45,Jigglypuff,115,45,20,45,25,20,0
46,Wigglytuff,140,70,45,85,50,45,0
47,Zubat,40,45,35,30,40,55,0
48,Golbat,75,80,70,65,75,90,0
49,Oddish,45,50,55,75,65,30,0
50,Gloom,60,65,70,85,75,40,0
51,Vileplume,75,80,85,110,90,50,0
52,Paras,35,70,55,45,55,25,0
53,Parasect,60,95,80,60,80,30,0
54,Venonat,60,55,50,40,55,45,0
55,Venomoth,70,65,60,90,75,90,0
56,Diglett,10,55,25,35,45,95,0
57,Dugtrio,35,80,50,50,70,120,0
58,Meowth,40,45,35,40,40,90,0
59,Persian,65,70,60,65,65,115,0
60,Psyduck,50,52,48,65,50,55,0
61,Golduck,80,82,78,95,80,85,0
62,Mankey,40,80,35,35,45,70,0
63,,65,105,60,60,70,95,0
64,Growlithe,55,70,45,70,50,60,0
65,Arcanine,90,110,80,100,80,95,0
66,Poliwag,40,50,40,40,40,90,0
67,Poliwhirl,65,65,65,50,50,90,0
68,Poliwrath,90,95,95,70,90,70,0
69,Abra,25,20,15,105,55,90,0
70,Kadabra,40,35,30,120,70,105,0
71,Alakazam,55,50,45,135,95,120,0
72,Mega Alakazam,55,50,65,175,95,150,0
73,Machop,70,80,50,35,35,35,0
74,Machoke,80,100,70,50,60,45,0
75,Machamp,90,130,80,65,85,55,0
76,Bellsprout,50,75,35,70,30,40,0
77,Weepinbell,65,90,50,85,45,55,0
78,Victreebel,80,105,65,100,70,70,0
79,Tentacool,40,40,35,50,100,70,0
80,Tentacruel,80,70,65,80,120,100,0
81,Geodude,40,80,100,30,30,20,0
82,Graveler,55,95,115,45,45,35,0
83,Golem,80,120,130,55,65,45,0
84,Ponyta,50,85,55,65,65,90,0
85,Rapidash,65,100,70,80,80,105,0
86,Slowpoke,90,65,65,40,40,15,0
87,Slowbro,95,75,110,100,80,30,0
88,Mega Slowbro,95,75,180,130,80,30,0
89,Magnemite,25,35,70,95,55,45,0
90,Magneton,50,60,95,120,70,70,0
91,Farfetch'd,52,65,55,58,62,60,0
92,Doduo,35,85,45,35,35,75,0
93,Dodrio,60,110,70,60,60,100,0
94,Seel,65,45,55,45,70,45,0
95,Dewgong,90,70,80,70,95,70,0
96,Grimer,80,80,50,40,50,25,0
97,Muk,105,105,75,65,100,50,0
98,Shellder,30,65,100,45,25,40,0
99,Cloyster,50,95,180,85,45,70,0
100,Gastly,30,35,30,100,35,80,0
101,Haunter,45,50,45,115,55,95,0
102,Gengar,60,65,60,130,75,110,0
103,Mega Gengar,60,65,80,170,95,130,0
104,Onix,35,45,160,30,45,70,0
105,Drowzee,60,48,45,43,90,42,0
106,Hypno,85,73,70,73,115,67,0
107,Krabby,30,105,90,25,25,50,0
108,Kingler,55,130,115,50,50,75,0
109,Voltorb,40,30,50,55,55,100,0
110,Electrode,60,50,70,80,80,140,0
111,Exeggcute,60,40,80,60,45,40,0
112,Exeggutor,95,95,85,125,65,55,0
113,Cubone,50,50,95,40,50,35,0
114,Marowak,60,80,110,50,80,45,0
115,Hitmonlee,50,120,53,35,110,87,0
116,Hitmonchan,50,105,79,35,110,76,0
117,Lickitung,90,55,75,60,75,30,0
118,Koffing,40,65,95,60,45,35,0
119,Weezing,65,90,120,85,70,60,0
120,Rhyhorn,80,85,95,30,30,25,0
121,Rhydon,105,130,120,45,45,40,0
122,Chansey,250,5,5,35,105,50,0
123,Tangela,65,55,115,100,40,60,0
124,Kangaskhan,105,95,80,40,80,90,0
125,Mega Kangaskhan,105,125,100,60,100,100,0
126,Horsea,30,40,70,70,25,60,0
127,Seadra,55,65,95,95,45,85,0
128,Goldeen,45,67,60,35,50,63,0
129,Seaking,80,92,65,65,80,68,0
130,Staryu,30,45,55,70,55,85,0
131,Starmie,60,75,85,100,85,115,0
132,Mr. Mime,40,45,65,100,120,90,0
133,Scyther,70,110,80,55,80,105,0
134,Jynx,65,50,35,115,95,95,0
135,Electabuzz,65,83,57,95,85,105,0
136,Magmar,65,95,57,100,85,93,0
137,Pinsir,65,125,100,55,70,85,0
138,Mega Pinsir,65,155,120,65,90,105,0
139,Tauros,75,100,95,40,70,110,0
140,Magikarp,20,10,55,15,20,80,0
141,Gyarados,95,125,79,60,100,81,0
142,Mega Gyarados,95,155,109,70,130,81,0
143,Lapras,130,85,80,85,95,60,0
144,Ditto,48,48,48,48,48,48,0
145,Eevee,55,55,50,45,65,55,0
146,Vaporeon,130,65,60,110,95,65,0
147,Jolteon,65,65,60,110,95,130,0
148,Flareon,65,130,60,95,110,65,0
149,Porygon,65,60,70,85,75,40,0
150,Omanyte,35,40,100,90,55,35,0
151,Omastar,70,60,125,115,70,55,0
152,Kabuto,30,80,90,55,45,55,0
153,Kabutops,60,115,105,65,70,80,0
154,Aerodactyl,80,105,65,60,75,130,0
155,Mega Aerodactyl,80,135,85,70,95,150,0
156,Snorlax,160,110,65,65,110,30,0
157,Articuno,90,85,100,95,125,85,1
158,Zapdos,90,90,85,125,90,100,1
159,Moltres,90,100,90,125,85,90,1
160,Dratini,41,64,45,50,50,50,0
161,Dragonair,61,84,65,70,70,70,0
162,Dragonite,91,134,95,100,100,80,0
163,Mewtwo,106,110,90,154,90,130,1
164,Mega Mewtwo X,106,190,100,154,100,130,1
165,Mega Mewtwo Y,106,150,70,194,120,140,1
166,Mew,100,100,100,100,100,100,0
167,Chikorita,45,49,65,49,65,45,0
168,Bayleef,60,62,80,63,80,60,0
169,Meganium,80,82,100,83,100,80,0
170,Cyndaquil,39,52,43,60,50,65,0
171,Quilava,58,64,58,80,65,80,0
172,Typhlosion,78,84,78,109,85,100,0
173,Totodile,50,65,64,44,48,43,0
174,Croconaw,65,80,80,59,63,58,0
175,Feraligatr,85,105,100,79,83,78,0
176,Sentret,35,46,34,35,45,20,0
177,Furret,85,76,64,45,55,90,0
178,Hoothoot,60,30,30,36,56,50,0
179,Noctowl,100,50,50,76,96,70,0
180,Ledyba,40,20,30,40,80,55,0
181,Ledian,55,35,50,55,110,85,0
182,Spinarak,40,60,40,40,40,30,0
183,Ariados,70,90,70,60,60,40,0
184,Crobat,85,90,80,70,80,130,0
185,Chinchou,75,38,38,56,56,67,0
186,Lanturn,125,58,58,76,76,67,0
187,Pichu,20,40,15,35,35,60,0
188,Cleffa,50,25,28,45,55,15,0
189,Igglybuff,90,30,15,40,20,15,0
190,Togepi,35,20,65,40,65,20,0
191,Togetic,55,40,85,80,105,40,0
192,Natu,40,50,45,70,45,70,0
193,Xatu,65,75,70,95,70,95,0
194,Mareep,55,40,40,65,45,35,0
195,Flaaffy,70,55,55,80,60,45,0
196,Ampharos,90,75,85,115,90,55,0
197,Mega Ampharos,90,95,105,165,110,45,0
198,Bellossom,75,80,95,90,100,50,0
199,Marill,70,20,50,20,50,40,0
200,Azumarill,100,50,80,60,80,50,0
201,Sudowoodo,70,100,115,30,65,30,0
202,Politoed,90,75,75,90,100,70,0
203,Hoppip,35,35,40,35,55,50,0
204,Skiploom,55,45,50,45,65,80,0
205,Jumpluff,75,55,70,55,95,110,0
206,Aipom,55,70,55,40,55,85,0
207,Sunkern,30,30,30,30,30,30,0
208,Sunflora,75,75,55,105,85,30,0
209,Yanma,65,65,45,75,45,95,0
210,Wooper,55,45,45,25,25,15,0
211,Quagsire,95,85,85,65,65,35,0
212,Espeon,65,65,60,130,95,110,0
213,Umbreon,95,65,110,60,130,65,0
214,Murkrow,60,85,42,85,42,91,0
215,Slowking,95,75,80,100,110,30,0
216,Misdreavus,60,60,60,85,85,85,0
217,Unown,48,72,48,72,48,48,0
218,Wobbuffet,190,33,58,33,58,33,0
219,Girafarig,70,80,65,90,65,85,0
220,Pineco,50,65,90,35,35,15,0
221,Forretress,75,90,140,60,60,40,0
222,Dunsparce,100,70,70,65,65,45,0
223,Gligar,65,75,105,35,65,85,0
224,Steelix,75,85,200,55,65,30,0
225,Mega Steelix,75,125,230,55,95,30,0
226,Snubbull,60,80,50,40,40,30,0
227,Granbull,90,120,75,60,60,45,0
228,Qwilfish,65,95,75,55,55,85,0
229,Scizor,70,130,100,55,80,65,0
230,Mega Scizor,70,150,140,65,100,75,0
231,Shuckle,20,10,230,10,230,5,0
232,Heracross,80,125,75,40,95,85,0
233,Mega Heracross,80,185,115,40,105,75,0
234,Sneasel,55,95,55,35,75,115,0
235,Teddiursa,60,80,50,50,50,40,0
236,Ursaring,90,130,75,75,75,55,0
237,Slugma,40,40,40,70,40,20,0
238,Magcargo,50,50,120,80,80,30,0
239,Swinub,50,50,40,30,30,50,0
240,Piloswine,100,100,80,60,60,50,0
241,Corsola,55,55,85,65,85,35,0
242,Remoraid,35,65,35,65,35,65,0
243,Octillery,75,105,75,105,75,45,0
244,Delibird,45,55,45,65,45,75,0
245,Mantine,65,40,70,80,140,70,0
246,Skarmory,65,80,140,40,70,70,0
247,Houndour,45,60,30,80,50,65,0
248,Houndoom,75,90,50,110,80,95,0
249,Mega Houndoom,75,90,90,140,90,115,0
250,Kingdra,75,95,95,95,95,85,0
251,Phanpy,90,60,60,40,40,40,0
252,Donphan,90,120,120,60,60,50,0
253,Porygon2,85,80,90,105,95,60,0
254,Stantler,73,95,62,85,65,85,0
255,Smeargle,55,20,35,20,45,75,0
256,Tyrogue,35,35,35,35,35,35,0
257,Hitmontop,50,95,95,35,110,70,0
258,Smoochum,45,30,15,85,65,65,0
259,Elekid,45,63,37,65,55,95,0
260,Magby,45,75,37,70,55,83,0
261,Miltank,95,80,105,40,70,100,0
262,Blissey,255,10,10,75,135,55,0
263,Raikou,90,85,75,115,100,115,1
264,Entei,115,115,85,90,75,100,1
265,Suicune,100,75,115,90,115,85,1
266,Larvitar,50,64,50,45,50,41,0
267,Pupitar,70,84,70,65,70,51,0
268,Tyranitar,100,134,110,95,100,61,0
269,Mega Tyranitar,100,164,150,95,120,71,0
270,Lugia,106,90,130,90,154,110,1
271,Ho-oh,106,130,90,110,154,90,1
272,Celebi,100,100,100,100,100,100,0
273,Treecko,40,45,35,65,55,70,0
274,Grovyle,50,65,45,85,65,95,0
275,Sceptile,70,85,65,105,85,120,0
276,Mega Sceptile,70,110,75,145,85,145,0
277,Torchic,45,60,40,70,50,45,0
278,Combusken,60,85,60,85,60,55,0
279,Blaziken,80,120,70,110,70,80,0
280,Mega Blaziken,80,160,80,130,80,100,0
281,Mudkip,50,70,50,50,50,40,0
282,Marshtomp,70,85,70,60,70,50,0
283,Swampert,100,110,90,85,90,60,0
284,Mega Swampert,100,150,110,95,110,70,0
285,Poochyena,35,55,35,30,30,35,0
286,Mightyena,70,90,70,60,60,70,0
287,Zigzagoon,38,30,41,30,41,60,0
288,Linoone,78,70,61,50,61,100,0
289,Wurmple,45,45,35,20,30,20,0
290,Silcoon,50,35,55,25,25,15,0
291,Beautifly,60,70,50,100,50,65,0
292,Cascoon,50,35,55,25,25,15,0
293,Dustox,60,50,70,50,90,65,0
294,Lotad,40,30,30,40,50,30,0
295,Lombre,60,50,50,60,70,50,0
296,Ludicolo,80,70,70,90,100,70,0
297,Seedot,40,40,50,30,30,30,0
298,Nuzleaf,70,70,40,60,40,60,0
299,Shiftry,90,100,60,90,60,80,0
300,Taillow,40,55,30,30,30,85,0
301,Swellow,60,85,60,50,50,125,0
302,Wingull,40,30,30,55,30,85,0
303,Pelipper,60,50,100,85,70,65,0
304,Ralts,28,25,25,45,35,40,0
305,Kirlia,38,35,35,65,55,50,0
306,Gardevoir,68,65,65,125,115,80,0
307,Mega Gardevoir,68,85,65,165,135,100,0
308,Surskit,40,30,32,50,52,65,0
309,Masquerain,70,60,62,80,82,60,0
310,Shroomish,60,40,60,40,60,35,0
311,Breloom,60,130,80,60,60,70,0
312,Slakoth,60,60,60,35,35,30,0
313,Vigoroth,80,80,80,55,55,90,0
314,Slaking,150,160,100,95,65,100,0
315,Nincada,31,45,90,30,30,40,0
316,Ninjask,61,90,45,50,50,160,0
317,Shedinja,1,90,45,30,30,40,0
318,Whismur,64,51,23,51,23,28,0
319,Loudred,84,71,43,71,43,48,0
320,Exploud,104,91,63,91,73,68,0
321,Makuhita,72,60,30,20,30,25,0
322,Hariyama,144,120,60,40,60,50,0
323,Azurill,50,20,40,20,40,20,0
324,Nosepass,30,45,135,45,90,30,0
325,Skitty,50,45,45,35,35,50,0
326,Delcatty,70,65,65,55,55,70,0
327,Sableye,50,75,75,65,65,50,0
328,Mega Sableye,50,85,125,85,115,20,0
329,Mawile,50,85,85,55,55,50,0
330,Mega Mawile,50,105,125,55,95,50,0
331,Aron,50,70,100,40,40,30,0
332,Lairon,60,90,140,50,50,40,0
333,Aggron,70,110,180,60,60,50,0
334,Mega Aggron,70,140,230,60,80,50,0
335,Meditite,30,40,55,40,55,60,0
336,Medicham,60,60,75,60,75,80,0
337,Mega Medicham,60,100,85,80,85,100,0
338,Electrike,40,45,40,65,40,65,0
339,Manectric,70,75,60,105,60,105,0
340,Mega Manectric,70,75,80,135,80,135,0
341,Plusle,60,50,40,85,75,95,0
342,Minun,60,40,50,75,85,95,0
343,Volbeat,65,73,55,47,75,85,0
344,Illumise,65,47,55,73,75,85,0
345,Roselia,50,60,45,100,80,65,0
346,Gulpin,70,43,53,43,53,40,0
347,Swalot,100,73,83,73,83,55,0
348,Carvanha,45,90,20,65,20,65,0
349,Sharpedo,70,120,40,95,40,95,0
350,Mega Sharpedo,70,140,70,110,65,105,0
351,Wailmer,130,70,35,70,35,60,0
352,Wailord,170,90,45,90,45,60,0
353,Numel,60,60,40,65,45,35,0
354,Camerupt,70,100,70,105,75,40,0
355,Mega Camerupt,70,120,100,145,105,20,0
356,Torkoal,70,85,140,85,70,20,0
357,Spoink,60,25,35,70,80,60,0
358,Grumpig,80,45,65,90,110,80,0
359,Spinda,60,60,60,60,60,60,0
360,Trapinch,45,100,45,45,45,10,0
361,Vibrava,50,70,50,50,50,70,0
362,Flygon,80,100,80,80,80,100,0
363,Cacnea,50,85,40,85,40,35,0
364,Cacturne,70,115,60,115,60,55,0
365,Swablu,45,40,60,40,75,50,0
366,Altaria,75,70,90,70,105,80,0
367,Mega Altaria,75,110,110,110,105,80,0
368,Zangoose,73,115,60,60,60,90,0
369,Seviper,73,100,60,100,60,65,0
370,Lunatone,70,55,65,95,85,70,0
371,Solrock,70,95,85,55,65,70,0
372,Barboach,50,48,43,46,41,60,0
373,Whiscash,110,78,73,76,71,60,0
374,Corphish,43,80,65,50,35,35,0
375,Crawdaunt,63,120,85,90,55,55,0
376,Baltoy,40,40,55,40,70,55,0
377,Claydol,60,70,105,70,120,75,0
378,Lileep,66,41,77,61,87,23,0
379,Cradily,86,81,97,81,107,43,0
380,Anorith,45,95,50,40,50,75,0
381,Armaldo,75,125,100,70,80,45,0
382,Feebas,20,15,20,10,55,80,0
383,Milotic,95,60,79,100,125,81,0
384,Castform,70,70,70,70,70,70,0
385,Kecleon,60,90,70,60,120,40,0
386,Shuppet,44,75,35,63,33,45,0
387,Banette,64,115,65,83,63,65,0
388,Mega Banette,64,165,75,93,83,75,0
389,Duskull,20,40,90,30,90,25,0
390,Dusclops,40,70,130,60,130,25,0
391,Tropius,99,68,83,72,87,51,0
392,Chimecho,65,50,70,95,80,65,0
393,Absol,65,130,60,75,60,75,0
394,Mega Absol,65,150,60,115,60,115,0
395,Wynaut,95,23,48,23,48,23,0
396,Snorunt,50,50,50,50,50,50,0
397,Glalie,80,80,80,80,80,80,0
398,Mega Glalie,80,120,80,120,80,100,0
399,Spheal,70,40,50,55,50,25,0
400,Sealeo,90,60,70,75,70,45,0
401,Walrein,110,80,90,95,90,65,0
402,Clamperl,35,64,85,74,55,32,0
403,Huntail,55,104,105,94,75,52,0
404,Gorebyss,55,84,105,114,75,52,0
405,Relicanth,100,90,130,45,65,55,0
406,Luvdisc,43,30,55,40,65,97,0
407,Bagon,45,75,60,40,30,50,0
408,Shelgon,65,95,100,60,50,50,0
409,Salamence,95,135,80,110,80,100,0
410,Mega Salamence,95,145,130,120,90,120,0
411,Beldum,40,55,80,35,60,30,0
412,Metang,60,75,100,55,80,50,0
413,Metagross,80,135,130,95,90,70,0
414,Mega Metagross,80,145,150,105,110,110,0
415,Regirock,80,100,200,50,100,50,1
416,Regice,80,50,100,100,200,50,1
417,Registeel,80,75,150,75,150,50,1
418,Latias,80,80,90,110,130,110,1
419,Mega Latias,80,100,120,140,150,110,1
420,Latios,80,90,80,130,110,110,1
421,Mega Latios,80,130,100,160,120,110,1
422,Kyogre,100,100,90,150,140,90,1
423,Primal Kyogre,100,150,90,180,160,90,1
424,Groudon,100,150,140,100,90,90,1
425,Primal Groudon,100,180,160,150,90,90,1
426,Rayquaza,105,150,90,150,90,95,1
427,Mega Rayquaza,105,180,100,180,100,115,1
428,Jirachi,100,100,100,100,100,100,1
429,Deoxys Normal Forme,50,150,50,150,50,150,1
430,DeoxysAttack Forme,50,180,20,180,20,150,1
431,Deoxys Defense Forme,50,70,160,70,160,90,1
432,Deoxys Speed Forme,50,95,90,95,90,180,1
433,Turtwig,55,68,64,45,55,31,0
434,Grotle,75,89,85,55,65,36,0
435,Torterra,95,109,105,75,85,56,0
436,Chimchar,44,58,44,58,44,61,0
437,Monferno,64,78,52,78,52,81,0
438,Infernape,76,104,71,104,71,108,0
439,Piplup,53,51,53,61,56,40,0
440,Prinplup,64,66,68,81,76,50,0
441,Empoleon,84,86,88,111,101,60,0
442,Starly,40,55,30,30,30,60,0
443,Staravia,55,75,50,40,40,80,0
444,Staraptor,85,120,70,50,60,100,0
445,Bidoof,59,45,40,35,40,31,0
446,Bibarel,79,85,60,55,60,71,0
447,Kricketot,37,25,41,25,41,25,0
448,Kricketune,77,85,51,55,51,65,0
449,Shinx,45,65,34,40,34,45,0
450,Luxio,60,85,49,60,49,60,0
451,Luxray,80,120,79,95,79,70,0
452,Budew,40,30,35,50,70,55,0
453,Roserade,60,70,65,125,105,90,0
454,Cranidos,67,125,40,30,30,58,0
455,Rampardos,97,165,60,65,50,58,0
456,Shieldon,30,42,118,42,88,30,0
457,Bastiodon,60,52,168,47,138,30,0
458,Burmy,40,29,45,29,45,36,0
459,Wormadam Plant Cloak,60,59,85,79,105,36,0
460,Wormadam Sandy Cloak,60,79,105,59,85,36,0
461,Wormadam Trash Cloak,60,69,95,69,95,36,0
462,Mothim,70,94,50,94,50,66,0
463,Combee,30,30,42,30,42,70,0
464,Vespiquen,70,80,102,80,102,40,0
465,Pachirisu,60,45,70,45,90,95,0
466,Buizel,55,65,35,60,30,85,0
467,Floatzel,85,105,55,85,50,115,0
468,Cherubi,45,35,45,62,53,35,0
469,Cherrim,70,60,70,87,78,85,0
470,Shellos,76,48,48,57,62,34,0
471,Gastrodon,111,83,68,92,82,39,0
472,Ambipom,75,100,66,60,66,115,0
473,Drifloon,90,50,34,60,44,70,0
474,Drifblim,150,80,44,90,54,80,0
475,Buneary,55,66,44,44,56,85,0
476,Lopunny,65,76,84,54,96,105,0
477,Mega Lopunny,65,136,94,54,96,135,0
478,Mismagius,60,60,60,105,105,105,0
479,Honchkrow,100,125,52,105,52,71,0
480,Glameow,49,55,42,42,37,85,0
481,Purugly,71,82,64,64,59,112,0
482,Chingling,45,30,50,65,50,45,0
483,Stunky,63,63,47,41,41,74,0
484,Skuntank,103,93,67,71,61,84,0
485,Bronzor,57,24,86,24,86,23,0
486,Bronzong,67,89,116,79,116,33,0
487,Bonsly,50,80,95,10,45,10,0
488,Mime Jr.,20,25,45,70,90,60,0
489,Happiny,100,5,5,15,65,30,0
490,Chatot,76,65,45,92,42,91,0
491,Spiritomb,50,92,108,92,108,35,0
492,Gible,58,70,45,40,45,42,0
493,Gabite,68,90,65,50,55,82,0
494,Garchomp,108,130,95,80,85,102,0
495,Mega Garchomp,108,170,115,120,95,92,0
496,Munchlax,135,85,40,40,85,5,0
497,Riolu,40,70,40,35,40,60,0
498,Lucario,70,110,70,115,70,90,0
499,Mega Lucario,70,145,88,140,70,112,0
500,Hippopotas,68,72,78,38,42,32,0
501,Hippowdon,108,112,118,68,72,47,0
502,Skorupi,40,50,90,30,55,65,0
503,Drapion,70,90,110,60,75,95,0
504,Croagunk,48,61,40,61,40,50,0
505,Toxicroak,83,106,65,86,65,85,0
506,Carnivine,74,100,72,90,72,46,0
507,Finneon,49,49,56,49,61,66,0
508,Lumineon,69,69,76,69,86,91,0
509,Mantyke,45,20,50,60,120,50,0
510,Snover,60,62,50,62,60,40,0
511,Abomasnow,90,92,75,92,85,60,0
512,Mega Abomasnow,90,132,105,132,105,30,0
513,Weavile,70,120,65,45,85,125,0
514,Magnezone,70,70,115,130,90,60,0
515,Lickilicky,110,85,95,80,95,50,0
516,Rhyperior,115,140,130,55,55,40,0
517,Tangrowth,100,100,125,110,50,50,0
518,Electivire,75,123,67,95,85,95,0
519,Magmortar,75,95,67,125,95,83,0
520,Togekiss,85,50,95,120,115,80,0
521,Yanmega,86,76,86,116,56,95,0
522,Leafeon,65,110,130,60,65,95,0
523,Glaceon,65,60,110,130,95,65,0
524,Gliscor,75,95,125,45,75,95,0
525,Mamoswine,110,130,80,70,60,80,0
526,Porygon-Z,85,80,70,135,75,90,0
527,Gallade,68,125,65,65,115,80,0
528,Mega Gallade,68,165,95,65,115,110,0
529,Probopass,60,55,145,75,150,40,0
530,Dusknoir,45,100,135,65,135,45,0
531,Froslass,70,80,70,80,70,110,0
532,Rotom,50,50,77,95,77,91,0
533,Heat Rotom,50,65,107,105,107,86,0
534,Wash Rotom,50,65,107,105,107,86,0
535,Frost Rotom,50,65,107,105,107,86,0
536,Fan Rotom,50,65,107,105,107,86,0
537,Mow Rotom,50,65,107,105,107,86,0
538,Uxie,75,75,130,75,130,95,1
539,Mesprit,80,105,105,105,105,80,1
540,Azelf,75,125,70,125,70,115,1
541,Dialga,100,120,120,150,100,90,1
542,Palkia,90,120,100,150,120,100,1
543,Heatran,91,90,106,130,106,77,1
544,Regigigas,110,160,110,80,110,100,1
545,Giratina Altered Forme,150,100,120,100,120,90,1
546,Giratina Origin Forme,150,120,100,120,100,90,1
547,Cresselia,120,70,120,75,130,85,0
548,Phione,80,80,80,80,80,80,0
549,Manaphy,100,100,100,100,100,100,0
550,Darkrai,70,90,90,135,90,125,1
551,Shaymin Land Forme,100,100,100,100,100,100,1
552,Shaymin Sky Forme,100,103,75,120,75,127,1
553,Arceus,120,120,120,120,120,120,1
554,Victini,100,100,100,100,100,100,1
555,Snivy,45,45,55,45,55,63,0
556,Servine,60,60,75,60,75,83,0
557,Serperior,75,75,95,75,95,113,0
558,Tepig,65,63,45,45,45,45,0
559,Pignite,90,93,55,70,55,55,0
560,Emboar,110,123,65,100,65,65,0
561,Oshawott,55,55,45,63,45,45,0
562,Dewott,75,75,60,83,60,60,0
563,Samurott,95,100,85,108,70,70,0
564,Patrat,45,55,39,35,39,42,0
565,Watchog,60,85,69,60,69,77,0
566,Lillipup,45,60,45,25,45,55,0
567,Herdier,65,80,65,35,65,60,0
568,Stoutland,85,110,90,45,90,80,0
569,Purrloin,41,50,37,50,37,66,0
570,Liepard,64,88,50,88,50,106,0
571,Pansage,50,53,48,53,48,64,0
572,Simisage,75,98,63,98,63,101,0
573,Pansear,50,53,48,53,48,64,0
574,Simisear,75,98,63,98,63,101,0
575,Panpour,50,53,48,53,48,64,0
576,Simipour,75,98,63,98,63,101,0
577,Munna,76,25,45,67,55,24,0
578,Musharna,116,55,85,107,95,29,0
579,Pidove,50,55,50,36,30,43,0
580,Tranquill,62,77,62,50,42,65,0
581,Unfezant,80,115,80,65,55,93,0
582,Blitzle,45,60,32,50,32,76,0
583,Zebstrika,75,100,63,80,63,116,0
584,Roggenrola,55,75,85,25,25,15,0
585,Boldore,70,105,105,50,40,20,0
586,Gigalith,85,135,130,60,80,25,0
587,Woobat,55,45,43,55,43,72,0
588,Swoobat,67,57,55,77,55,114,0
589,Drilbur,60,85,40,30,45,68,0
590,Excadrill,110,135,60,50,65,88,0
591,Audino,103,60,86,60,86,50,0
592,Mega Audino,103,60,126,80,126,50,0
593,Timburr,75,80,55,25,35,35,0
594,Gurdurr,85,105,85,40,50,40,0
595,Conkeldurr,105,140,95,55,65,45,0
596,Tympole,50,50,40,50,40,64,0
597,Palpitoad,75,65,55,65,55,69,0
598,Seismitoad,105,95,75,85,75,74,0
599,Throh,120,100,85,30,85,45,0
600,Sawk,75,125,75,30,75,85,0
601,Sewaddle,45,53,70,40,60,42,0
602,Swadloon,55,63,90,50,80,42,0
603,Leavanny,75,103,80,70,80,92,0
604,Venipede,30,45,59,30,39,57,0
605,Whirlipede,40,55,99,40,79,47,0
606,Scolipede,60,100,89,55,69,112,0
607,Cottonee,40,27,60,37,50,66,0
608,Whimsicott,60,67,85,77,75,116,0
609,Petilil,45,35,50,70,50,30,0
610,Lilligant,70,60,75,110,75,90,0
611,Basculin,70,92,65,80,55,98,0
612,Sandile,50,72,35,35,35,65,0
613,Krokorok,60,82,45,45,45,74,0
614,Krookodile,95,117,80,65,70,92,0
615,Darumaka,70,90,45,15,45,50,0
616,Darmanitan Standard Mode,105,140,55,30,55,95,0
617,Darmanitan Zen Mode,105,30,105,140,105,55,0
618,Maractus,75,86,67,106,67,60,0
619,Dwebble,50,65,85,35,35,55,0
620,Crustle,70,95,125,65,75,45,0
621,Scraggy,50,75,70,35,70,48,0
622,Scrafty,65,90,115,45,115,58,0
623,Sigilyph,72,58,80,103,80,97,0
624,Yamask,38,30,85,55,65,30,0
625,Cofagrigus,58,50,145,95,105,30,0
626,Tirtouga,54,78,103,53,45,22,0
627,Carracosta,74,108,133,83,65,32,0
628,Archen,55,112,45,74,45,70,0
629,Archeops,75,140,65,112,65,110,0
630,Trubbish,50,50,62,40,62,65,0
631,Garbodor,80,95,82,60,82,75,0
632,Zorua,40,65,40,80,40,65,0
633,Zoroark,60,105,60,120,60,105,0
634,Minccino,55,50,40,40,40,75,0
635,Cinccino,75,95,60,65,60,115,0
636,Gothita,45,30,50,55,65,45,0
637,Gothorita,60,45,70,75,85,55,0
638,Gothitelle,70,55,95,95,110,65,0
639,Solosis,45,30,40,105,50,20,0
640,Duosion,65,40,50,125,60,30,0
641,Reuniclus,110,65,75,125,85,30,0
642,Ducklett,62,44,50,44,50,55,0
643,Swanna,75,87,63,87,63,98,0
644,Vanillite,36,50,50,65,60,44,0
645,Vanillish,51,65,65,80,75,59,0
646,Vanilluxe,71,95,85,110,95,79,0
647,Deerling,60,60,50,40,50,75,0
648,Sawsbuck,80,100,70,60,70,95,0
649,Emolga,55,75,60,75,60,103,0
650,Karrablast,50,75,45,40,45,60,0
651,Escavalier,70,135,105,60,105,20,0
652,Foongus,69,55,45,55,55,15,0
653,Amoonguss,114,85,70,85,80,30,0
654,Frillish,55,40,50,65,85,40,0
655,Jellicent,100,60,70,85,105,60,0
656,Alomomola,165,75,80,40,45,65,0
657,Joltik,50,47,50,57,50,65,0
658,Galvantula,70,77,60,97,60,108,0
659,Ferroseed,44,50,91,24,86,10,0
660,Ferrothorn,74,94,131,54,116,20,0
661,Klink,40,55,70,45,60,30,0
662,Klang,60,80,95,70,85,50,0
663,Klinklang,60,100,115,70,85,90,0
664,Tynamo,35,55,40,45,40,60,0
665,Eelektrik,65,85,70,75,70,40,0
666,Eelektross,85,115,80,105,80,50,0
667,Elgyem,55,55,55,85,55,30,0
668,Beheeyem,75,75,75,125,95,40,0
669,Litwick,50,30,55,65,55,20,0
670,Lampent,60,40,60,95,60,55,0
671,Chandelure,60,55,90,145,90,80,0
672,Axew,46,87,60,30,40,57,0
673,Fraxure,66,117,70,40,50,67,0
674,Haxorus,76,147,90,60,70,97,0
675,Cubchoo,55,70,40,60,40,40,0
676,Beartic,95,110,80,70,80,50,0
677,Cryogonal,70,50,30,95,135,105,0
678,Shelmet,50,40,85,40,65,25,0
679,Accelgor,80,70,40,100,60,145,0
680,Stunfisk,109,66,84,81,99,32,0
681,Mienfoo,45,85,50,55,50,65,0
682,Mienshao,65,125,60,95,60,105,0
683,Druddigon,77,120,90,60,90,48,0
684,Golett,59,74,50,35,50,35,0
685,Golurk,89,124,80,55,80,55,0
686,Pawniard,45,85,70,40,40,60,0
687,Bisharp,65,125,100,60,70,70,0
688,Bouffalant,95,110,95,40,95,55,0
689,Rufflet,70,83,50,37,50,60,0
690,Braviary,100,123,75,57,75,80,0
691,Vullaby,70,55,75,45,65,60,0
692,Mandibuzz,110,65,105,55,95,80,0
693,Heatmor,85,97,66,105,66,65,0
694,Durant,58,109,112,48,48,109,0
695,Deino,52,65,50,45,50,38,0
696,Zweilous,72,85,70,65,70,58,0
697,Hydreigon,92,105,90,125,90,98,0
698,Larvesta,55,85,55,50,55,60,0
699,Volcarona,85,60,65,135,105,100,0
700,Cobalion,91,90,129,90,72,108,1
701,Terrakion,91,129,90,72,90,108,1
702,Virizion,91,90,72,90,129,108,1
703,Tornadus Incarnate Forme,79,115,70,125,80,111,1
704,Tornadus Therian Forme,79,100,80,110,90,121,1
705,Thundurus Incarnate Forme,79,115,70,125,80,111,1
706,Thundurus Therian Forme,79,105,70,145,80,101,1
707,Reshiram,100,120,100,150,120,90,1
708,Zekrom,100,150,120,120,100,90,1
709,Landorus Incarnate Forme,89,125,90,115,80,101,1
710,Landorus Therian Forme,89,145,90,105,80,91,1
711,Kyurem,125,130,90,130,90,95,1
712,Kyurem Black Kyurem,125,170,100,120,90,95,1
713,Kyurem White Kyurem,125,120,90,170,100,95,1
714,Keldeo Ordinary Forme,91,72,90,129,90,108,0
715,Keldeo Resolute Forme,91,72,90,129,90,108,0
716,Meloetta Aria Forme,100,77,77,128,128,90,0
717,Meloetta Pirouette Forme,100,128,90,77,77,128,0
718,Genesect,71,120,95,120,95,99,0
719,Chespin,56,61,65,48,45,38,0
720,Quilladin,61,78,95,56,58,57,0
721,Chesnaught,88,107,122,74,75,64,0
722,Fennekin,40,45,40,62,60,60,0
723,Braixen,59,59,58,90,70,73,0
724,Delphox,75,69,72,114,100,104,0
725,Froakie,41,56,40,62,44,71,0
726,Frogadier,54,63,52,83,56,97,0
727,Greninja,72,95,67,103,71,122,0
728,Bunnelby,38,36,38,32,36,57,0
729,Diggersby,85,56,77,50,77,78,0
730,Fletchling,45,50,43,40,38,62,0
731,Fletchinder,62,73,55,56,52,84,0
732,Talonflame,78,81,71,74,69,126,0
733,Scatterbug,38,35,40,27,25,35,0
734,Spewpa,45,22,60,27,30,29,0
735,Vivillon,80,52,50,90,50,89,0
736,Litleo,62,50,58,73,54,72,0
737,Pyroar,86,68,72,109,66,106,0
738,Flabébé,44,38,39,61,79,42,0
739,Floette,54,45,47,75,98,52,0
740,Florges,78,65,68,112,154,75,0
741,Skiddo,66,65,48,62,57,52,0
742,Gogoat,123,100,62,97,81,68,0
743,Pancham,67,82,62,46,48,43,0
744,Pangoro,95,124,78,69,71,58,0
745,Furfrou,75,80,60,65,90,102,0
746,Espurr,62,48,54,63,60,68,0
747,Meowstic Male,74,48,76,83,81,104,0
748,Meowstic Female,74,48,76,83,81,104,0
749,Honedge,45,80,100,35,37,28,0
750,Doublade,59,110,150,45,49,35,0
751,Aegislash Blade Forme,60,150,50,150,50,60,0
752,Aegislash Shield Forme,60,50,150,50,150,60,0
753,Spritzee,78,52,60,63,65,23,0
754,Aromatisse,101,72,72,99,89,29,0
755,Swirlix,62,48,66,59,57,49,0
756,Slurpuff,82,80,86,85,75,72,0
757,Inkay,53,54,53,37,46,45,0
758,Malamar,86,92,88,68,75,73,0
759,Binacle,42,52,67,39,56,50,0
760,Barbaracle,72,105,115,54,86,68,0
761,Skrelp,50,60,60,60,60,30,0
762,Dragalge,65,75,90,97,123,44,0
763,Clauncher,50,53,62,58,63,44,0
764,Clawitzer,71,73,88,120,89,59,0
765,Helioptile,44,38,33,61,43,70,0
766,Heliolisk,62,55,52,109,94,109,0
767,Tyrunt,58,89,77,45,45,48,0
768,Tyrantrum,82,121,119,69,59,71,0
769,Amaura,77,59,50,67,63,46,0
770,Aurorus,123,77,72,99,92,58,0
771,Sylveon,95,65,65,110,130,60,0
772,Hawlucha,78,92,75,74,63,118,0
773,Dedenne,67,58,57,81,67,101,0
774,Carbink,50,50,150,50,150,50,0
775,Goomy,45,50,35,55,75,40,0
776,Sliggoo,68,75,53,83,113,60,0
777,Goodra,90,100,70,110,150,80,0
778,Klefki,57,80,91,80,87,75,0
779,Phantump,43,70,48,50,60,38,0
780,Trevenant,85,110,76,65,82,56,0
781,Pumpkaboo Average Size,49,66,70,44,55,51,0
782,Pumpkaboo Small Size,44,66,70,44,55,56,0
783,Pumpkaboo Large Size,54,66,70,44,55,46,0
784,Pumpkaboo Super Size,59,66,70,44,55,41,0
785,Gourgeist Average Size,65,90,122,58,75,84,0
786,Gourgeist Small Size,55,85,122,58,75,99,0
787,Gourgeist Large Size,75,95,122,58,75,69,0
788,Gourgeist Super Size,85,100,122,58,75,54,0
789,Bergmite,55,69,85,32,35,28,0
790,Avalugg,95,117,184,44,46,28,0
791,Noibat,40,30,35,45,40,55,0
792,Noivern,85,70,80,97,80,123,0
793,Xerneas,126,131,95,131,98,99,1
794,Yveltal,126,131,95,131,98,99,1
795,Zygarde Half Forme,108,100,121,81,95,95,1
796,Diancie,50,100,150,100,150,50,1
797,Mega Diancie,50,160,110,160,110,110,1
798,Hoopa Confined,80,110,60,150,130,70,1
799,Hoopa Unbound,80,160,60,170,130,80,1
800,Volcanion,80,110,120,130,90,70,1
